{"2": {"theta": [[5.351004595213734, -0.8761878481787504], [5.081722824600012, -1.3290165811175232]], "pi": [0.8218492337624433, 0.1781507662375563], "log_likelihood": -8204.63099152352, "BIC": 16467.192140206465}, "3": {"theta": [[5.078757083919398, -1.331214904988444], [5.060995317291442, -0.934940026334311], [5.963671516698213, -0.9080018505958598]], "pi": [0.1766423213303722, 0.32257067100457104, 0.5007870076650568], "log_likelihood": -8045.325218113884, "BIC": 16177.545671966907}, "4": {"theta": [[9.749924731940256, -1.5846415470871866], [5.078790383084647, -1.3312263893484706], [5.013725671671565, -0.7398712165704731], [5.111226495298029, -0.9473778083854764]], "pi": [0.13546387070788363, 0.1766389316032193, 0.3755244027051701, 0.31237279498372655], "log_likelihood": -8038.006379607951, "BIC": 16191.873073534754}, "5": {"theta": [[9.793684328697482, -1.5925132901488435], [2.3102853679636293, -0.6966211978572978], [5.46709043858319, -1.4209939950417547], [5.1111837452081765, -0.9473346964847422], [5.022457074132339, -0.7413733512907327]], "pi": [0.13363497683819267, 0.016701112404296444, 0.15995743845396668, 0.31244397378115424, 0.37726249852238974], "log_likelihood": -8036.951203221606, "BIC": 16218.727799341777}}