{"2": {"theta": [[5.3509858808159585, -0.8761789583147106], [5.081752386027698, -1.3289918441171245]], "pi": [0.8218329468793022, 0.1781670531206977], "log_likelihood": -8204.630987870609, "BIC": 16428.57202812769}, "3": {"theta": [[5.967561468516666, -0.9083786264454033], [5.0787246460350355, -1.3312058610621351], [5.060655382028733, -0.9344312079937647]], "pi": [0.49924911939499045, 0.17664409565931607, 0.3241067849456932], "log_likelihood": -8045.322769951871, "BIC": 16119.610618483455}, "4": {"theta": [[5.101712275980533, -0.7551317126082081], [10.198301425035059, -1.665271761529686], [5.078790884875355, -1.3312263045962194], [5.106404664898407, -0.9462803005387792]], "pi": [0.3924477107776938, 0.11784203956677551, 0.1766390659043374, 0.31307118375119314], "log_likelihood": -8037.937070017886, "BIC": 16114.494244808722}, "5": {"theta": [[7.248282474293626, -1.4201434015425018], [4.808522392303639, -0.8778145428511306], [5.149404687555518, -0.7622761362792511], [5.078466219149014, -1.3311621466562296], [10.268142405583237, -1.6785002681154366]], "pi": [0.04137987334145831, 0.2785255028529843, 0.38912137804647595, 0.1766344743102906, 0.11433877144879076], "log_likelihood": -8036.882226409038, "BIC": 16122.039583784264}}