{"2": {"theta": [[5.081776767375824, -1.328971086165721], [5.350970180128958, -0.8761715198306051]], "pi": [0.1781806703808778, 0.821819329619122], "log_likelihood": -8204.630991859387, "BIC": 16428.572036105248}, "3": {"theta": [[5.060225175785811, -0.9345864787742623], [5.078727834045753, -1.3312063976749564], [5.965751979974568, -0.9082691628399651]], "pi": [0.32319218524453297, 0.17664410267646144, 0.5001637120790057], "log_likelihood": -8045.323627607445, "BIC": 16119.612333794603}, "4": {"theta": [[5.013534116392204, -0.7398381369299958], [5.111236472731726, -0.9473800772583448], [5.078790211378464, -1.3312263471621921], [9.748988938081641, -1.5844730898790236]], "pi": [0.3754860093453649, 0.3123713275431079, 0.17663893135320166, 0.13550373175832525], "log_likelihood": -8038.006649869921, "BIC": 16114.633404512791}, "5": {"theta": [[7.0786568650266775, -1.3833309579172448], [5.078458615831231, -1.3311602568742011], [4.788483131595716, -0.8730972055142089], [9.828001604487364, -1.5994587406956495], [5.064562421292124, -0.7473074118543981]], "pi": [0.047168916219239174, 0.17663481115431265, 0.27262033581114453, 0.1311813900001467, 0.37239454681515705], "log_likelihood": -8036.954296574563, "BIC": 16122.183724115315}}